name,age,city
John,25,New York
Mike,30,Los Angeles
Sarah,28,Chicago
John,25,New York
Mike,30,Los Angeles
Sarah,28,Chicago
John,25,New York
Mike,30,Los Angeles
Sarah,28,Chicago
John,25,New York
Mike,30,Los Angeles
Sarah,28,Chicago
John,25,New York
Mike,30,Los Angeles
Sarah,28,Chicago
John,25,New York
Mike,30,Los Angeles
Sarah,28,Chicago
John,25,New York
Mike,30,Los Angeles
Sarah,28,Chicago
John,25,New York
Mike,30,Los Angeles
Sarah,28,Chicago
John,25,New York
Mike,30,Los Angeles
Sarah,28,Chicago
John,25,New York
Mike,30,Los Angeles
Sarah,28,Chicago
John,25,New York
Mike,30,Los Angeles
Sarah,28,Chicago
John,25,New York
Mike,30,Los Angeles
Sarah,28,Chicago
John,25,New York
Mike,30,Los Angeles
Sarah,28,Chicago
John,25,New York
Mike,30,Los Angeles
Sarah,28,Chicago
John,25,New York
Mike,30,Los Angeles
Sarah,28,Chicago
John,25,New York
Mike,30,Los Angeles
Sarah,28,Chicago
John,25,New York
Mike,30,Los Angeles
Sarah,28,Chicago
John,25,New York
Mike,30,Los Angeles
Sarah,28,Chicago
John,25,New York
Mike,30,Los Angeles
Sarah,28,Chicago
John,25,New York
Mike,30,Los Angeles
Sarah,28,Chicago
John,25,New York
Mike,30,Los Angeles
Sarah,28,Chicago
John,25,New York
Mike,30,Los Angeles
Sarah,28,Chicago
John,25,New York
Mike,30,Los Angeles
Sarah,28,Chicago
John,25,New York
Mike,30,Los Angeles
Sarah,28,Chicago
John,25,New York
Mike,30,Los Angeles
Sarah,28,Chicago
John,25,New York
Mike,30,Los Angeles
Sarah,28,Chicago
John,25,New York
Mike,30,Los Angeles
Sarah,28,Chicago
John,25,New York
Mike,30,Los Angeles
Sarah,28,Chicago
John,25,New York
Mike,30,Los Angeles
Sarah,28,Chicago
John,25,New York
Mike,30,Los Angeles
Sarah,28,Chicago
John,25,New York
Mike,30,Los Angeles
Sarah,28,Chicago
John,25,New York
Mike,30,Los Angeles
Sarah,28,Chicago
John,25,New York
Mike,30,Los Angeles
Sarah,28,Chicago
John,25,New York
Mike,30,Los Angeles
Sarah,28,Chicago
John,25,New York
Mike,30,Los Angeles
Sarah,28,Chicago
John,25,New York
Mike,30,Los Angeles
Sarah,28,Chicago
John,25,New York
Mike,30,Los Angeles
Sarah,28,Chicago
John,25,New York
Mike,30,Los Angeles
Sarah,28,Chicago
John,25,New York
Mike,30,Los Angeles
Sarah,28,Chicago
John,25,New York
Mike,30,Los Angeles
Sarah,28,Chicago
John,25,New York
Mike,30,Los Angeles
Sarah,28,Chicago
John,25,New York
Mike,30,Los Angeles
Sarah,28,Chicago
John,25,New York
Mike,30,Los Angeles
Sarah,28,Chicago
John,25,New York
Mike,30,Los Angeles
Sarah,28,Chicago
John,25,New York
Mike,30,Los Angeles
Sarah,28,Chicago
John,25,New York
Mike,30,Los Angeles
Sarah,28,Chicago
John,25,New York
Mike,30,Los Angeles
Sarah,28,Chicago
John,25,New York
Mike,30,Los Angeles
Sarah,28,Chicago
John,25,New York
Mike,30,Los Angeles
Sarah,28,Chicago
John,25,New York
Mike,30,Los Angeles
Sarah,28,Chicago
John,25,New York
Mike,30,Los Angeles
Sarah,28,Chicago
John,25,New York
Mike,30,Los Angeles
Sarah,28,Chicago
John,25,New York
Mike,30,Los Angeles
Sarah,28,Chicago
John,25,New York
Mike,30,Los Angeles
Sarah,28,Chicago
John,25,New York
Mike,30,Los Angeles
Sarah,28,Chicago
John,25,New York
Mike,30,Los Angeles
Sarah,28,Chicago
John,25,New York
Mike,30,Los Angeles
Sarah,28,Chicago
John,25,New York
Mike,30,Los Angeles
Sarah,28,Chicago
John,25,New York
Mike,30,Los Angeles
Sarah,28,Chicago
John,25,New York
Mike,30,Los Angeles
Sarah,28,Chicago
John,25,New York
Mike,30,Los Angeles
Sarah,28,Chicago
John,25,New York
Mike,30,Los Angeles
Sarah,28,Chicago
John,25,New York
Mike,30,Los Angeles
Sarah,28,Chicago
John,25,New York
Mike,30,Los Angeles
Sarah,28,Chicago
John,25,New York
Mike,30,Los Angeles
Sarah,28,Chicago
John,25,New York
Mike,30,Los Angeles
Sarah,28,Chicago
John,25,New York
Mike,30,Los Angeles
Sarah,28,Chicago
John,25,New York
Mike,30,Los Angeles
Sarah,28,Chicago
John,25,New York
Mike,30,Los Angeles
Sarah,28,Chicago
John,25,New York
Mike,30,Los Angeles
Sarah,28,Chicago
John,25,New York
Mike,30,Los Angeles
Sarah,28,Chicago
John,25,New York
Mike,30,Los Angeles
Sarah,28,Chicago
John,25,New York
Mike,30,Los Angeles
Sarah,28,Chicago
John,25,New York
Mike,30,Los Angeles
Sarah,28,Chicago
John,25,New York
Mike,30,Los Angeles
Sarah,28,Chicago
John,25,New York
Mike,30,Los Angeles
Sarah,28,Chicago
John,25,New York
Mike,30,Los Angeles
Sarah,28,Chicago
John,25,New York
Mike,30,Los Angeles
Sarah,28,Chicago
John,25,New York
Mike,30,Los Angeles
Sarah,28,Chicago
John,25,New York
Mike,30,Los Angeles
Sarah,28,Chicago
John,25,New York
Mike,30,Los Angeles
Sarah,28,Chicago
John,25,New York
Mike,30,Los Angeles
Sarah,28,Chicago
